names,parents 
anc,NA
A.20_D253Y_1,anc
A.2.4_L452R_1,anc
A.2.4_R452L_1,A.2.4_L452R_1
2lin_T205I_1,anc
B.1.139_T205I_2,anc
B.1.2_T205I_3,anc
2lin_E484K_1,anc
B.1_D253G_1,2lin_E484K_1
B.1.525_T205I_4,2lin_E484K_1
B.1.525_I205T_1,B.1.525_T205I_4
B.1.526_D253G_2,anc
B.1_E484K_2,anc
B.1.280_T205I_5,anc
B.1.526_D253G_3,anc
B.1.160_S477N_1,anc
B.1.111_T205I_6,anc
B.1.111_E484K_3,B.1.111_T205I_6
B.1.526_D253G_4,B.1.111_T205I_6
B.1.177_S13X_1,anc
B.1.404_S477N_2,anc
B.1_S13X_2,anc
B.1.240_S13X_3,anc
B.1.243_E484Q_1,anc
B.1.243_T205X_1,anc
B.1_S13I_1,anc
B.1.1.7_N501Y_1,anc
B.1.1.222_D253G_5,anc
B.1.241_D253G_6,anc
B.1_T205I_7,anc
B.1.1.64_S13X_4,anc
B.1.1.207_E484K_4,anc
B.1.1.64_S13X_5,anc
B.1.1.64_S13X_6,anc
B.1.1.70_S13X_7,anc
B.1.1.10_L452R_2,anc
B.1.1.1_L452R_3,anc
C.16_L452R_4,anc
C.2_N501T_1,anc
B.1.1.107_S13X_8,anc
B.1.1.220_E484K_5,anc
B.1.1.130_E484K_6,anc
B.1_E484K_7,anc
B.1.1.247_N501T_2,anc
R.2_E484K_8,anc
R.1_E484K_9,anc
B.1.1_N501Y_2,anc
B.1.1.7_E484K_10,anc
B.1_D253G_7,anc
B.1.1.7_N501Y_3,B.1_D253G_7
B.1.1.318_E484K_11,anc
B.1_D253G_8,B.1.1.318_E484K_11
B.1.1.29_K484E_1,B.1.1.318_E484K_11
P.2_E484K_12,anc
B.1.241_D253G_9,anc
B.1.1.7_N501Y_4,anc
B.1.160_S477N_3,anc
B.1.1.7_N501Y_5,anc
B.1.1.7_Y501N_1,B.1.1.7_N501Y_5
B.1.1.7_Y501N_2,B.1.1.7_N501Y_5
B.1.1.7_Y501N_3,B.1.1.7_N501Y_5
B.1.1.7_Y501N_4,B.1.1.7_N501Y_5
B.1.1.7_Y501N_5,B.1.1.7_N501Y_5
B.1.1.7_N501Y_6,B.1.1.7_Y501N_5
B.1.1.7_Y501N_6,B.1.1.7_N501Y_5
B.1.1.7_E484K_13,B.1.1.7_N501Y_5
B.1.1.7_Y501N_7,B.1.1.7_N501Y_5
B.1.1.7_Y501N_8,B.1.1.7_N501Y_5
B.1.1.7_Y501N_9,B.1.1.7_N501Y_5
B.1.1.7_Y501N_10,B.1.1.7_N501Y_5
B.1.351_T205I_8,anc
B.1_N501Y_7,anc
B.1.480_N501Y_8,anc
B.1.332_S13X_9,anc
B.1_T205I_9,anc
B.1.3_D253G_10,anc
B.1.2_T205I_10,anc
B.1.362_L452R_5,anc
B.1_S13I_2,anc
B.1_T205I_11,anc
B.1_D253G_11,anc
B.1_E484K_14,B.1_D253G_11
B.1.526_D253G_12,anc
B.1.487_E484K_15,anc
B.1_E484K_16,anc
B.1.526_D253G_13,anc
B.1_N501Y_9,anc
B.1_E484K_17,anc
B.1_E484K_18,anc
B.1_D253G_14,anc
B.1_E484K_19,anc
B.1_D253G_15,anc
B.1.1.7_N501Y_10,anc
B.1_E484K_20,anc
B.1.487_E484K_21,anc
B.1.526_D253G_16,anc
B.1.526_D253G_17,anc
B.1.526_E484K_22,B.1.526_D253G_17
B.1.526_E484K_23,B.1.526_D253G_17
B.1.361_S13X_10,anc
B.1.517_N501T_3,anc
B.1.517_S13X_11,B.1.517_N501T_3
B.1.433_T205I_12,anc
B.1_I205T_2,B.1.433_T205I_12
B.1.2_S13X_12,anc
B.1.2_S13X_13,anc
B.1.2_T205X_2,anc
B.1.2_D253Y_2,anc
B.1.2_N501Y_11,anc
B.1.2_E484K_24,anc
B.1.2_D253G_18,anc
B.1.2_T205I_13,anc
B.1.2_S13X_14,anc
B.1.2_N501Y_12,anc
B.1.2_S477N_4,anc
B.1.2_E484Q_2,anc
B.1.2_E484K_25,anc
B.1_D253G_19,anc
B.1.2_D253G_20,anc
B.1.2_T205I_14,anc
B.1.429_S13I_3,anc
B.1_T205I_15,B.1.429_S13I_3
B.1_R452L_2,B.1.429_S13I_3
B.1.429_I13S_1,B.1.429_S13I_3
B.1.429_S13I_4,B.1.429_I13S_1
B.1_T205I_16,anc
B.1_L452R_6,B.1_T205I_16
B.1_I205T_3,B.1_T205I_16
B.1_L452R_7,B.1_T205I_16
B.1.375_S477R_1,B.1_T205I_16
B.1_E484K_26,anc
2lin_D253G_21,B.1_E484K_26
B.1.526_K484E_2,2lin_D253G_21
B.1.241_T205I_17,2lin_D253G_21
B.1.110.3_K484E_3,B.1_E484K_26
B.1.110.3_N501T_4,B.1.110.3_K484E_3
B.1_T205I_18,anc
B.1_T205I_19,anc
B.1_T205I_20,anc
B.1_N501Y_13,anc
B.1_E484K_27,anc
B.1_E484K_28,anc
B.1_L452R_8,anc
B.1_T205I_21,anc
B.1.165_N501Y_14,anc
B.1.165_T205I_22,B.1.165_N501Y_14
B.1_T205I_23,anc
B.1.1.7_I205T_4,B.1_T205I_23
B.1_D253G_22,B.1_T205I_23
B.1.2_I205T_5,B.1_T205I_23
B.1.1.7_N501Y_15,B.1_T205I_23
B.1_L452R_9,B.1_T205I_23
B.1_E484K_29,anc
B.1_N501Y_16,anc
B.1.40_L452R_10,anc
B.1_T205I_24,anc
B.1_E484K_30,anc
B.1.526_D253G_23,anc
B.1.2_D253G_24,anc
B.1_D253G_25,anc
B.1_N501Y_17,B.1_D253G_25
B.1_G253D_1,B.1_D253G_25
B.1_N501Y_18,anc
B.1_S477N_5,anc
2lin_T205I_25,anc
B.1_S477N_6,2lin_T205I_25
B.1_D253G_26,anc
B.1_L452R_11,anc
B.1_E484K_31,anc
B.1_L452R_12,anc
B.1_D253G_27,anc
B.1_E484K_32,anc
B.1_D253G_28,anc
B.1_L452R_13,anc
B.1.526_D253G_29,anc
B.1_E484K_33,anc
B.1_D253G_30,anc
B.1_G253D_2,B.1_D253G_30
B.1.526_D253G_31,anc
B.1.526_D253G_32,anc
B.1.526_T205I_26,B.1.526_D253G_32
B.1_L452R_14,anc
B.1_T205I_27,anc
B.1_T205I_28,anc
B.1_L452R_15,B.1_T205I_28
B.1_D253G_33,B.1_L452R_15
B.1_R452L_3,B.1_L452R_15
B.1_I205T_6,B.1_R452L_3
B.1_I205T_7,B.1_L452R_15
B.1_I205T_8,B.1_L452R_15
B.1_R452L_4,B.1_L452R_15
B.1_R452L_5,B.1_L452R_15
B.1_L452R_16,anc
B.1_D253G_34,B.1_L452R_16
B.1_L452R_17,anc
B.1_T205I_29,B.1_L452R_17
B.1_D253G_35,anc
B.1_E484K_34,anc
B.1_T205I_30,anc
B.1_D253G_36,anc
B.1_E484K_35,B.1_D253G_36
B.1.526_D253G_37,anc
B.1.526_E484K_36,B.1.526_D253G_37
B.1.526_E484K_37,B.1.526_D253G_37
2lin_E484K_38,B.1.526_D253G_37
B.1_G253D_3,2lin_E484K_38
B.1.526_K484E_4,2lin_E484K_38
B.1.526_S477N_7,B.1.526_D253G_37
B.1.1_S477N_8,B.1.526_D253G_37
B.1.526_N501Y_19,B.1.526_D253G_37
B.1.1.29_E484K_39,B.1.526_D253G_37
B.1.526_E484K_40,B.1.526_D253G_37
2lin_N501Y_20,B.1.526_D253G_37
B.1.526_L452R_18,B.1.526_D253G_37
B.1.526_S477N_9,B.1.526_D253G_37
B.1_G253D_4,B.1.526_S477N_9
B.1.526_S477N_10,B.1.526_D253G_37
B.1.526_E484K_41,B.1.526_D253G_37
B.1.526_T205I_31,B.1.526_E484K_41
B.1.526_E484K_42,B.1.526_D253G_37
B.1.526_S13I_5,B.1.526_D253G_37
B.1.526_T205I_32,B.1.526_D253G_37
B.1.526_E484K_43,B.1.526_D253G_37
B.1_G253D_5,B.1.526_E484K_43
B.1.526_S477N_11,B.1.526_D253G_37
B.1.526_N477S_1,B.1.526_S477N_11
B.1_G253D_6,B.1.526_N477S_1
2lin_G253D_7,B.1.526_S477N_11
B.1_G253D_8,B.1.526_S477N_11
B.1_G253D_9,B.1.526_S477N_11
B.1.526_L452M_1,B.1.526_S477N_11
B.1.526_T205I_33,B.1.526_S477N_11
B.1.526_N477S_2,B.1.526_S477N_11
B.1.526_T205I_34,B.1.526_S477N_11
B.1.526_S477N_12,B.1.526_D253G_37
B.1_G253S_1,B.1.526_D253G_37
B.1.526_E484K_44,B.1.526_D253G_37
B.1.526_S477N_13,B.1.526_D253G_37
B.1.526_E484K_45,B.1.526_D253G_37
B.1.526_K484E_5,B.1.526_E484K_45
B.1.526_T205I_35,B.1.526_E484K_45
B.1.487_G253D_10,B.1.526_E484K_45
B.1.526_K484E_6,B.1.526_E484K_45
B.1_G253D_11,B.1.526_E484K_45
B.1_K484E_7,B.1_G253D_11
B.1.526_S477N_14,B.1_K484E_7
B.1_G253D_12,B.1.526_E484K_45
B.1.2_G253D_13,B.1.526_E484K_45
B.1.2_G253D_14,B.1.526_E484K_45
B.1.487_G253D_15,B.1.526_E484K_45
B.1.487_G253D_16,B.1.526_E484K_45
B.1_G253D_17,B.1.526_E484K_45
2lin_G253D_18,B.1.526_E484K_45
B.1.487_G253D_19,B.1.526_E484K_45
